[SumScore_Work_Check],[SumScore_Source_Check],[SumScore_Sleep_Loss],[SumScore_Obsess_Loop],[SumScore_Obsess_Debate],[SumScore_Obsess_Celeb],[SumScore_FOMO_Reaction],[SumScore_Fatigue],[SumScore_Escapism],[SumScore_Deepfake_Detect],[SumScore_Deep_Reading],[SumScore_Crowd_Pressure],[SumScore_Control_Time],[SumScore_Clickbait_Aware],[SumScore_AI_Trust],[SumScore_AI_Freq],[SumBeh_Study_Score],Cluster_Group,Cluster_Name,Is_Anomaly,Anomaly_Score
4,2,4,3,1,3,3,3,4,2,2,4,3,1,3,3,4.0,2.0,Zombie,False,2.2238509334807217
2,0,2,1,1,2,3,2,2,4,4,3,2,4,3,2,2.0,1.0,Healthy,False,3.7294840464221295
3,2,5,3,1,2,2,2,5,1,2,2,3,2,2,2,4.0,0.0,High-Tech Burnout,False,3.8850063385161215
3,2,4,3,1,3,3,3,3,3,2,4,4,2,2,3,2.0,2.0,Zombie,False,2.0770681499133494
3,2,4,3,3,2,2,2,3,2,2,2,3,0,2,3,6.0,0.0,High-Tech Burnout,False,2.9208358524642293
2,2,4,1,1,1,3,3,3,3,2,4,4,0,3,3,4.0,1.0,Healthy,False,2.8279865327291884
3,0,4,3,1,1,3,3,2,3,0,4,4,4,2,3,6.0,1.0,Healthy,False,3.8862009018173547
3,2,3,2,1,3,3,2,3,2,0,4,1,2,2,1,6.0,1.0,Healthy,False,3.9669571136589856
5,4,5,1,1,4,3,4,5,3,4,1,5,4,3,2,6.0,2.0,Zombie,True,5.46213990944017
4,2,5,4,3,3,3,4,3,3,1,2,4,4,3,3,2.0,2.0,Zombie,False,3.3935027774667095
2,4,5,2,3,2,3,3,4,3,2,4,4,2,3,4,6.0,2.0,Zombie,False,3.87953036684818
4,2,3,2,1,3,3,3,3,2,0,4,4,4,2,4,2.0,2.0,Zombie,False,2.9722049462343776
4,0,4,2,2,2,2,3,3,2,0,4,4,0,2,3,6.0,0.0,High-Tech Burnout,False,3.4640291716482277
1,0,1,1,1,2,3,2,1,3,0,4,3,4,2,3,4.0,1.0,Healthy,False,3.724280040538696
5,2,3,2,1,3,3,3,3,3,0,4,3,4,2,4,6.0,2.0,Zombie,False,3.510819811981547
4,4,3,1,1,1,3,2,2,3,2,4,3,0,2,2,2.0,1.0,Healthy,False,3.1072426465227263
2,0,4,3,1,3,3,3,4,3,2,4,3,2,3,3,2.0,2.0,Zombie,False,2.816349312514167
5,2,4,2,1,2,3,4,3,3,0,4,4,2,3,3,2.0,2.0,Zombie,False,2.736183272089906
4,4,2,2,3,2,2,3,1,3,2,4,5,0,2,4,6.0,0.0,High-Tech Burnout,False,4.548688932078947
4,2,3,4,2,4,2,4,2,2,4,3,3,1,2,4,6.0,0.0,High-Tech Burnout,False,4.410929600719804
3,1,2,2,3,2,3,2,4,3,4,2,5,0,2,3,6.0,2.0,Zombie,False,4.597859619546401
3,0,2,4,1,2,3,2,2,3,2,1,3,0,3,4,4.0,1.0,Healthy,False,4.1820682959792945
4,1,4,2,2,2,3,3,4,2,1,4,4,4,2,2,2.0,2.0,Zombie,False,2.558499414370561
5,2,2,2,2,3,3,2,5,3,2,4,5,4,2,4,6.0,2.0,Zombie,False,3.9656061950501447
4,4,4,2,1,2,3,3,4,2,2,4,5,2,2,3,4.0,2.0,Zombie,False,2.8204030443215062
2,0,2,1,1,2,3,3,3,4,2,4,4,4,2,2,4.0,1.0,Healthy,False,3.144211220010202
3,0,3,2,2,3,3,2,3,3,2,4,2,4,2,2,6.0,1.0,Healthy,False,3.180419109732242
4,4,3,4,1,3,3,3,4,2,2,4,4,4,2,4,6.0,2.0,Zombie,False,3.818174157562053
4,4,2,3,1,3,3,3,4,2,1,1,4,2,1,2,2.0,2.0,Zombie,False,4.196307841014403
3,0,2,3,1,3,3,2,4,2,0,4,4,0,3,2,2.0,2.0,Zombie,False,3.706624733259884
3,4,2,1,1,1,3,3,2,3,2,4,3,0,3,2,2.0,1.0,Healthy,False,3.064002437279766
4,0,2,2,2,2,3,1,4,4,2,4,2,0,3,3,2.0,1.0,Healthy,False,3.4623044569544157
3,1,3,3,3,3,3,3,3,2,4,1,3,2,3,2,4.0,2.0,Zombie,False,4.226715570383428
2,0,4,3,2,2,3,3,4,3,2,4,3,4,3,3,6.0,2.0,Zombie,False,3.398568757038525
3,4,5,2,1,3,3,4,3,3,1,4,4,4,3,3,2.0,2.0,Zombie,False,3.137687662963615
3,2,3,2,1,2,3,3,4,3,2,4,4,4,2,3,2.0,2.0,Zombie,False,2.454838486577839
5,4,3,3,3,3,3,3,3,3,2,4,4,4,3,4,4.0,2.0,Zombie,False,3.495607643635594
4,0,4,2,2,2,3,2,3,3,0,2,4,2,3,3,2.0,2.0,Zombie,False,2.7784109131935355
4,2,5,1,1,2,3,4,4,3,1,4,4,2,3,4,6.0,2.0,Zombie,False,3.4172504696684243
4,2,4,3,1,2,3,4,4,2,2,2,4,0,2,2,2.0,2.0,Zombie,False,2.996431239283021
5,2,5,3,1,4,3,4,4,2,1,4,5,0,2,3,2.0,2.0,Zombie,False,3.460591125245701
3,2,3,3,1,1,3,3,3,3,0,4,3,0,2,2,4.0,1.0,Healthy,False,2.8978699372617247
4,4,2,3,4,3,3,1,3,2,1,4,3,2,3,4,2.0,2.0,Zombie,False,4.788320687326063
4,2,4,2,3,4,3,3,4,3,2,4,4,4,2,3,0.5,2.0,Zombie,False,3.1561039361610543
4,2,4,3,3,3,3,3,3,2,2,3,4,2,2,3,2.0,2.0,Zombie,False,2.360506902585311
5,0,4,2,2,3,3,3,3,1,1,4,5,2,3,4,2.0,2.0,Zombie,False,3.5546484132641605
4,4,2,3,3,2,1,1,3,2,2,4,3,2,3,2,2.0,0.0,High-Tech Burnout,False,4.201565349505866
3,0,1,1,2,4,3,3,1,3,1,1,1,0,2,3,4.0,1.0,Healthy,False,4.779090810612854
3,4,3,3,3,3,3,3,5,2,0,4,4,0,2,3,2.0,2.0,Zombie,False,3.4500103281763232
3,0,4,3,1,3,3,4,5,3,0,4,4,0,2,2,4.0,2.0,Zombie,False,3.290777535673932
4,1,2,1,1,3,3,3,3,2,0,4,4,2,2,2,0.5,2.0,Zombie,False,3.7101806062973477
4,0,3,3,3,2,3,3,3,4,0,4,4,2,3,3,0.5,2.0,Zombie,False,3.472836001274694
3,0,3,2,1,3,3,2,4,3,2,4,3,0,2,1,2.0,1.0,Healthy,False,3.281709354317101
4,2,5,3,2,3,3,3,4,2,0,4,4,1,2,2,4.0,2.0,Zombie,False,2.6663816790649104
5,4,4,4,4,4,3,4,5,2,0,4,5,4,2,2,2.0,2.0,Zombie,True,5.066929496457137
4,4,4,3,2,2,2,2,4,2,2,2,3,4,3,2,0.5,0.0,High-Tech Burnout,False,3.8248849868465244
5,0,5,4,4,4,3,4,5,4,0,4,5,0,2,4,6.0,2.0,Zombie,True,5.400616876841956
4,0,4,3,1,1,3,3,4,4,2,4,3,2,2,2,0.5,2.0,Zombie,False,3.659192003940415
4,2,4,1,1,2,2,3,3,2,4,4,3,0,2,1,0.5,1.0,Healthy,False,4.8238481655320875
1,2,4,3,1,3,3,3,4,3,1,4,4,2,3,3,2.0,2.0,Zombie,False,3.1389542538275497
2,4,3,2,1,3,3,2,4,3,2,4,3,2,3,2,2.0,1.0,Healthy,False,2.889802459555432
2,0,3,2,2,1,3,1,3,2,0,4,2,0,3,3,4.0,1.0,Healthy,False,3.369990282452308
2,0,4,2,3,1,3,3,2,2,0,4,3,0,2,3,2.0,1.0,Healthy,False,3.823348804090273
2,4,4,2,2,1,3,3,4,3,0,4,4,4,2,2,2.0,2.0,Zombie,False,3.807713651453042
5,1,4,1,1,2,3,4,5,2,0,1,4,0,2,3,0.5,2.0,Zombie,False,4.142524419448108
3,2,3,2,3,2,3,3,3,2,2,2,3,2,2,2,2.0,2.0,Zombie,False,3.1468859449575595
3,1,3,1,2,1,2,2,4,4,2,4,1,0,3,3,6.0,1.0,Healthy,False,4.1066743793619995
2,0,3,4,2,2,3,3,3,3,2,4,3,0,2,3,4.0,1.0,Healthy,False,3.3563326199391
5,0,5,2,2,3,3,2,3,3,1,4,5,4,2,4,6.0,2.0,Zombie,False,3.8305339969138603
4,0,2,4,4,2,1,2,4,2,0,3,4,0,1,2,2.0,0.0,High-Tech Burnout,False,4.38007320711303
2,4,4,4,1,3,3,3,5,3,2,4,3,4,2,3,6.0,2.0,Zombie,False,4.0121719611907745
4,4,5,3,2,2,3,2,4,4,1,4,4,0,3,2,4.0,2.0,Zombie,False,3.508668867751411
4,0,4,3,1,1,3,4,4,4,1,4,3,2,3,4,2.0,2.0,Zombie,False,3.5141872597137667
2,4,4,1,1,2,1,2,2,1,1,4,4,4,3,2,0.5,0.0,High-Tech Burnout,True,5.257895800665478
3,0,4,4,3,3,2,4,4,3,1,4,4,2,1,3,0.5,0.0,High-Tech Burnout,False,3.7395424355625844
2,4,2,2,1,1,3,4,3,3,2,4,4,4,1,3,4.0,1.0,Healthy,False,4.2031800095886505
3,1,4,2,3,1,1,3,2,2,1,4,3,1,1,3,4.0,0.0,High-Tech Burnout,False,3.5627922288922798
3,4,3,1,1,1,3,1,1,4,1,4,2,4,3,4,2.0,1.0,Healthy,False,4.144745072025213
2,0,2,3,1,2,3,1,2,3,0,4,3,2,3,4,4.0,1.0,Healthy,False,3.4999162750777786
4,2,3,3,2,4,3,3,4,2,2,4,4,0,3,4,2.0,2.0,Zombie,False,2.982303001148353
4,2,5,3,1,1,3,4,2,3,1,4,3,1,2,4,6.0,2.0,Zombie,False,3.9217519667590643
2,4,5,1,1,1,3,2,2,4,2,1,2,4,3,3,2.0,1.0,Healthy,False,4.32052177254912
4,4,4,3,1,2,3,3,3,4,2,4,3,4,3,3,4.0,2.0,Zombie,False,3.2214097541152
4,0,3,2,2,3,3,3,4,2,2,4,4,0,2,4,6.0,2.0,Zombie,False,3.2262057085396303
3,0,3,1,2,2,3,3,3,1,1,4,3,0,1,4,6.0,1.0,Healthy,False,4.532731056114009
4,0,1,1,1,1,3,1,1,3,0,1,1,2,2,2,2.0,1.0,Healthy,False,4.698203635784378
3,4,3,3,3,3,3,3,3,2,1,4,3,4,3,2,2.0,2.0,Zombie,False,3.5406591166696235
4,0,4,1,1,3,3,3,4,3,1,4,2,0,2,2,2.0,1.0,Healthy,False,3.419359178621269
4,4,4,2,1,2,3,3,4,1,2,4,3,4,3,2,2.0,2.0,Zombie,False,3.7125332012358836
4,0,3,3,1,2,3,3,4,3,0,1,3,4,3,3,2.0,2.0,Zombie,False,3.3525631066872346
3,0,3,3,3,3,3,3,3,2,0,4,3,0,3,2,4.0,2.0,Zombie,False,3.550902808624072
4,1,2,2,1,1,3,3,4,3,4,4,4,4,3,3,4.0,1.0,Healthy,False,3.8413411327868294
3,4,5,2,1,1,3,4,3,4,0,4,5,0,3,3,4.0,2.0,Zombie,False,4.166417346660908
3,2,4,1,1,1,3,4,4,2,2,2,4,1,3,3,2.0,2.0,Zombie,False,3.453252186759873
4,4,2,3,1,2,3,2,4,2,2,4,3,2,2,2,6.0,1.0,Healthy,False,3.6515957345345025
4,0,4,2,1,3,3,4,4,3,0,4,3,2,3,2,2.0,2.0,Zombie,False,2.944559350271328
4,0,4,3,1,3,3,3,3,3,1,3,3,4,3,3,6.0,2.0,Zombie,False,2.967315580419856
4,4,1,1,1,1,3,2,4,3,0,4,2,0,3,2,2.0,1.0,Healthy,False,3.878916339251209
1,0,4,3,2,2,3,3,4,1,1,4,3,0,2,2,2.0,1.0,Healthy,False,4.206221006768245
2,2,3,2,3,2,1,3,2,4,1,2,3,2,3,2,4.0,0.0,High-Tech Burnout,False,3.822614913273414
2,1,3,2,1,1,3,2,1,4,1,4,3,4,2,2,6.0,1.0,Healthy,False,3.3821859684161133
4,0,2,3,1,3,3,2,4,2,2,4,3,0,3,3,2.0,2.0,Zombie,False,3.365589667624295
4,2,4,2,2,1,3,3,4,3,0,4,3,2,2,3,4.0,2.0,Zombie,False,2.625059506552891
4,2,4,3,3,3,3,3,4,2,2,4,4,0,2,2,2.0,2.0,Zombie,False,2.9039362238834094
5,2,5,2,1,2,2,4,3,2,2,1,5,2,3,4,4.0,2.0,Zombie,False,4.294162566335259
4,2,4,2,1,1,3,3,4,2,1,1,4,4,2,3,4.0,2.0,Zombie,False,3.310542767187695
3,2,4,3,2,1,3,3,3,3,2,4,2,2,3,2,4.0,1.0,Healthy,False,2.861139207151439
2,1,2,2,1,1,3,3,3,2,2,4,2,0,2,2,2.0,1.0,Healthy,False,2.758755471802487
2,4,4,3,1,2,3,3,2,2,1,4,2,0,3,3,6.0,1.0,Healthy,False,3.748586381042353
2,4,2,1,1,1,3,1,2,4,4,1,2,4,3,2,6.0,1.0,Healthy,False,4.9340769159203255
4,2,2,2,3,3,1,2,3,2,0,4,5,2,3,3,2.0,0.0,High-Tech Burnout,False,3.7352709647585804
1,4,1,1,1,2,3,1,1,2,2,4,1,0,3,2,4.0,1.0,Healthy,False,4.450424006316773
4,2,3,2,2,2,3,3,1,2,2,4,2,2,1,2,2.0,1.0,Healthy,False,3.79607808484252
3,0,4,1,1,1,3,2,3,2,0,4,3,2,2,3,6.0,1.0,Healthy,False,3.2725018989888945
3,0,2,2,1,1,3,2,3,4,2,4,3,0,2,2,4.0,1.0,Healthy,False,2.6231267610887006
4,0,4,2,1,3,3,4,4,2,0,4,3,0,3,2,4.0,2.0,Zombie,False,3.2768053647612536
4,2,4,3,1,3,3,3,5,4,2,3,3,0,2,2,0.5,2.0,Zombie,False,3.3213532081552968
3,2,3,2,2,2,2,2,3,2,2,2,3,2,3,3,2.0,0.0,High-Tech Burnout,False,2.912486975233179
4,4,5,3,1,3,3,4,4,4,1,4,4,0,2,2,2.0,2.0,Zombie,False,3.492550737364396
5,0,5,3,1,3,3,4,5,3,2,4,5,0,3,3,6.0,2.0,Zombie,False,3.7870014737653315
3,2,3,3,3,3,1,3,3,3,2,4,3,2,2,3,4.0,0.0,High-Tech Burnout,False,2.2139283441037096
4,1,4,3,1,1,3,1,5,3,0,4,4,2,3,2,6.0,2.0,Zombie,False,4.258938004850861
3,0,3,3,1,3,3,3,4,2,1,4,3,2,3,3,4.0,2.0,Zombie,False,2.54288364683657
3,0,3,2,1,2,3,2,3,4,1,3,3,4,3,2,4.0,1.0,Healthy,False,2.6258731243239963
3,2,3,3,1,3,3,3,3,3,2,4,3,1,2,2,2.0,1.0,Healthy,False,2.621678103568745
3,2,4,3,1,3,2,3,3,2,1,4,5,4,3,3,4.0,2.0,Zombie,False,3.455301858579908
4,2,4,3,2,3,3,3,2,3,2,4,4,0,2,4,2.0,2.0,Zombie,False,2.8343699196325747
3,2,2,3,3,1,3,3,4,2,2,4,3,0,3,2,6.0,1.0,Healthy,False,4.001425152282526
4,2,3,3,1,3,3,3,4,3,2,4,4,2,3,3,2.0,2.0,Zombie,False,1.975170436866983
4,0,4,2,1,3,3,2,4,3,2,4,4,4,3,3,4.0,2.0,Zombie,False,2.740499951308687
3,0,4,3,3,3,3,3,4,3,2,4,3,0,2,3,4.0,2.0,Zombie,False,2.8728420812508104
3,2,3,3,3,3,3,3,3,4,2,4,3,2,3,3,2.0,2.0,Zombie,False,2.9756605182512055
3,1,2,2,1,2,3,3,3,3,2,4,3,2,3,3,4.0,1.0,Healthy,False,1.79731723429335
2,4,3,3,1,2,3,2,4,3,2,4,3,0,2,2,6.0,1.0,Healthy,False,3.3431750581726853
1,4,1,3,2,3,3,4,3,3,1,4,1,0,2,4,4.0,1.0,Healthy,False,4.82573913543266
2,0,5,1,2,2,3,2,4,3,1,4,4,4,3,2,2.0,1.0,Healthy,False,3.699436406143022
2,1,3,2,1,2,3,3,2,3,4,4,3,4,2,4,2.0,1.0,Healthy,False,3.5603006240664774
4,2,5,1,1,1,3,3,2,4,1,3,4,4,1,4,2.0,2.0,Zombie,False,4.573041442570177
2,0,4,2,1,1,3,2,4,4,2,4,3,4,2,4,2.0,1.0,Healthy,False,3.4894033442345065
5,0,4,3,1,4,3,3,4,2,2,4,3,0,2,4,6.0,2.0,Zombie,False,3.7991583609384034
3,2,3,2,1,3,3,2,4,2,2,4,3,0,3,2,2.0,1.0,Healthy,False,2.8204083670817828
4,2,4,1,2,1,3,4,2,2,2,4,4,0,1,4,2.0,2.0,Zombie,False,4.460997232799025
2,1,4,1,1,3,3,1,2,3,1,1,2,4,2,1,2.0,1.0,Healthy,False,4.321274095418693
4,2,2,1,1,1,3,1,2,3,0,1,4,2,3,3,2.0,1.0,Healthy,False,3.9651122026052916
4,4,4,1,1,3,3,3,4,3,2,4,3,0,2,2,6.0,2.0,Zombie,False,3.701957113140639
3,2,4,2,2,2,3,4,3,2,1,4,3,2,2,2,4.0,2.0,Zombie,False,2.733258069836169
4,2,4,2,1,3,3,4,5,3,0,1,5,0,1,4,0.5,2.0,Zombie,False,4.461512733162153
4,2,4,3,3,3,3,3,4,2,2,2,4,2,3,3,4.0,2.0,Zombie,False,2.4603730547543563
4,2,3,3,2,2,3,2,4,3,1,1,3,4,1,3,4.0,2.0,Zombie,False,3.7590534131098017
3,0,2,1,3,2,3,2,3,4,2,3,3,2,2,4,4.0,1.0,Healthy,False,3.4185985024264154
4,4,2,4,4,3,3,3,2,3,0,4,4,0,2,3,2.0,2.0,Zombie,False,4.628118772073719
3,2,4,1,1,3,3,1,2,3,2,1,2,0,3,3,4.0,1.0,Healthy,False,3.6534890322113456
3,0,5,1,1,1,3,1,5,4,2,4,1,4,3,3,2.0,1.0,Healthy,False,4.510689174511957
3,0,2,1,1,3,3,2,3,4,0,4,2,0,3,2,4.0,1.0,Healthy,False,3.269338027628056
3,0,4,2,1,3,3,3,4,2,2,1,4,0,3,2,0.5,2.0,Zombie,False,3.679441349974507
3,2,4,1,2,2,3,2,5,4,2,1,2,4,3,2,2.0,1.0,Healthy,False,4.098034575883998
3,1,3,1,1,1,3,3,4,2,4,1,3,1,2,4,6.0,1.0,Healthy,False,4.474582519697878
3,4,5,1,2,1,3,4,4,3,0,4,3,0,3,2,2.0,2.0,Zombie,False,4.147771381484107
1,1,1,1,1,1,3,1,1,1,4,1,2,1,3,2,6.0,1.0,Healthy,True,5.477308953925897
3,1,4,2,1,2,3,4,5,1,2,4,3,0,3,2,2.0,2.0,Zombie,False,3.7717024671579673
3,1,3,1,1,1,3,2,3,2,0,4,3,0,2,2,6.0,1.0,Healthy,False,3.1857140243450948
4,2,2,3,1,3,3,1,4,4,2,4,1,0,3,2,4.0,1.0,Healthy,False,4.034191476189068
3,2,3,3,3,4,2,3,3,3,2,2,3,4,3,4,2.0,0.0,High-Tech Burnout,False,3.345476101397526
3,2,4,2,1,3,3,2,4,3,2,4,3,2,2,2,0.5,1.0,Healthy,False,2.910837478096216
3,0,2,3,1,1,3,3,2,1,2,4,3,0,2,2,2.0,1.0,Healthy,False,3.7733873439422716
3,1,3,2,1,4,3,2,3,1,0,4,3,0,2,2,4.0,1.0,Healthy,False,4.010745791186455
3,0,4,1,3,3,3,1,4,4,1,4,3,0,3,2,2.0,1.0,Healthy,False,4.093891895244931
3,2,3,2,1,3,3,3,4,3,0,4,3,4,2,2,0.5,2.0,Zombie,False,3.2306653317746146
4,0,5,4,3,4,3,3,1,3,0,4,3,2,3,2,0.5,2.0,Zombie,False,4.726493419626507
3,0,4,3,1,3,3,2,5,2,0,4,3,2,3,2,2.0,2.0,Zombie,False,3.3683486674747725
2,2,3,3,1,2,3,2,3,4,0,4,3,2,3,2,0.5,1.0,Healthy,False,3.1996621046698484
1,2,3,3,3,2,1,2,2,2,2,2,5,2,1,3,2.0,0.0,High-Tech Burnout,False,4.069468948000229
3,2,4,2,1,2,2,3,5,3,2,4,2,0,2,2,2.0,1.0,Healthy,False,3.686748244103567
3,0,3,3,1,3,3,1,4,4,2,4,3,0,3,2,2.0,1.0,Healthy,False,3.5680829584078606
3,0,3,3,1,3,3,3,3,3,0,4,3,2,3,2,2.0,2.0,Zombie,False,3.0191372267871985
2,0,4,2,1,1,3,3,4,2,2,4,3,0,3,2,2.0,1.0,Healthy,False,3.1835077472184468
3,0,3,1,1,1,3,1,3,4,0,4,3,0,2,3,6.0,1.0,Healthy,False,3.5482928185994544
2,4,2,3,2,3,3,2,4,3,0,1,3,2,2,2,4.0,1.0,Healthy,False,4.052689652068172
1,1,1,1,1,1,1,2,1,1,2,1,1,2,1,2,2.0,0.0,High-Tech Burnout,True,6.528206772869088
3,2,3,2,2,3,3,3,3,1,2,4,3,4,2,2,2.0,2.0,Zombie,False,3.4624819090968075
3,2,3,3,3,3,1,2,3,2,2,4,3,2,3,2,4.0,0.0,High-Tech Burnout,False,3.096514679179984
4,1,4,1,1,3,3,4,4,4,1,3,3,4,2,1,0.5,2.0,Zombie,False,4.237810273834561
4,2,3,1,2,2,1,1,2,3,2,1,1,4,1,2,2.0,0.0,High-Tech Burnout,True,5.11908710457266
1,1,5,4,2,2,2,1,4,3,1,4,2,4,3,2,4.0,1.0,Healthy,False,4.9771512050050015
2,0,3,1,1,1,3,1,4,4,0,4,3,0,2,2,2.0,1.0,Healthy,False,3.5277109331245122
2,0,4,3,1,3,3,2,3,3,1,4,3,2,2,2,0.5,1.0,Healthy,False,3.232720792123023
1,2,3,3,4,3,2,3,3,1,2,3,3,0,3,3,2.0,0.0,High-Tech Burnout,False,4.234107643045055
5,4,5,3,1,1,3,4,3,4,0,4,2,4,3,3,2.0,2.0,Zombie,False,4.462599829203236
2,0,4,3,1,1,3,3,3,4,2,4,2,0,3,2,2.0,1.0,Healthy,False,3.375253376330351
1,2,1,2,2,2,3,2,1,2,2,4,1,2,3,3,4.0,1.0,Healthy,False,3.733681087459098
3,2,3,3,1,3,3,3,3,2,2,4,3,2,3,2,2.0,2.0,Zombie,False,2.7912100091962415
4,0,4,2,2,2,3,4,4,4,2,4,4,0,2,4,6.0,2.0,Zombie,False,3.5451094949967707
3,4,2,1,4,4,2,1,2,3,0,3,1,0,2,3,6.0,0.0,High-Tech Burnout,True,5.525793475133644
1,1,1,1,1,3,3,3,1,2,0,4,1,0,2,2,4.0,1.0,Healthy,False,4.359397382873352
2,0,4,4,1,2,3,3,4,3,0,1,3,0,2,2,0.5,2.0,Zombie,False,4.365158173741548
3,2,3,2,1,2,3,2,3,2,2,4,3,2,3,2,4.0,1.0,Healthy,False,2.0055676700812097
2,4,5,3,3,3,2,4,5,3,1,3,3,2,2,3,6.0,0.0,High-Tech Burnout,False,3.7325495699930435
4,2,4,3,1,4,3,3,3,3,1,1,3,4,2,2,4.0,2.0,Zombie,False,3.445811212130446
4,4,3,4,3,3,3,3,5,3,1,4,4,0,3,4,2.0,2.0,Zombie,False,3.6559788355678773
4,0,2,3,2,2,3,1,4,3,2,4,2,2,2,2,6.0,1.0,Healthy,False,3.6751701883608923
3,2,3,2,2,2,1,3,3,4,2,2,3,2,2,2,4.0,0.0,High-Tech Burnout,False,3.054654999679429
2,0,5,1,1,2,3,3,1,3,0,4,1,2,3,2,4.0,1.0,Healthy,False,3.979634549714814
2,2,2,3,1,4,3,2,4,3,1,1,4,0,2,3,4.0,2.0,Zombie,False,3.993091732767568
3,0,3,1,1,1,3,3,4,3,0,4,3,4,2,2,4.0,1.0,Healthy,False,3.1662240738206857
2,1,3,1,1,2,3,3,3,3,2,4,2,0,1,4,2.0,1.0,Healthy,False,3.4889391560403995
1,4,1,2,1,1,3,4,1,4,0,4,1,4,2,3,2.0,1.0,Healthy,False,4.932966272569891
2,2,2,2,2,2,3,2,5,4,2,4,3,1,3,3,2.0,1.0,Healthy,False,2.9851952277984894
4,2,2,2,1,3,3,1,5,4,2,1,4,0,3,2,2.0,1.0,Healthy,False,4.484687949908698
4,4,4,3,1,3,3,4,3,3,4,4,5,2,3,2,2.0,2.0,Zombie,False,3.992678983768263
5,0,4,1,2,3,3,2,5,4,2,4,4,4,2,2,4.0,2.0,Zombie,False,3.854402665746487
4,0,4,4,2,4,3,4,5,3,0,4,4,4,2,4,4.0,2.0,Zombie,False,3.7551147265777933
2,0,5,1,3,1,3,4,5,4,2,1,4,4,2,3,6.0,2.0,Zombie,True,5.093544767106208
2,0,4,3,1,3,3,1,2,3,0,4,3,2,2,2,4.0,1.0,Healthy,False,3.494755572102296
4,1,3,4,3,4,3,3,4,2,0,1,4,4,2,3,2.0,2.0,Zombie,False,3.9822729259829095
1,2,1,2,3,3,3,3,4,3,2,3,3,2,3,2,2.0,1.0,Healthy,False,3.8369325777571435
4,4,2,3,2,2,3,3,3,4,2,4,3,4,3,3,6.0,2.0,Zombie,False,3.844682131433019
4,4,2,1,1,3,3,2,2,4,4,4,3,4,3,2,2.0,1.0,Healthy,False,4.247446901827461
3,0,1,1,1,3,3,2,5,3,2,1,4,2,2,3,2.0,1.0,Healthy,False,4.092941535850745
4,4,4,4,1,3,3,1,5,3,1,1,2,0,3,4,6.0,2.0,Zombie,True,5.052788132078249
2,1,5,2,2,3,3,4,3,2,2,4,3,1,2,2,0.5,2.0,Zombie,False,3.6339066460647604
4,4,3,3,3,3,2,4,3,4,0,3,5,2,1,3,6.0,0.0,High-Tech Burnout,False,4.151900397558676
5,2,5,4,4,4,3,4,3,3,0,4,5,0,3,3,0.5,2.0,Zombie,False,4.847166580369773
3,0,4,3,1,3,3,4,3,3,2,1,3,0,3,3,4.0,2.0,Zombie,False,3.3958668684478215
2,2,4,1,1,1,3,3,3,1,2,4,3,1,3,2,0.5,1.0,Healthy,False,3.74076774678729
3,2,3,1,1,2,3,1,3,4,0,4,3,1,3,3,2.0,1.0,Healthy,False,2.8991102339230475
2,1,4,1,1,1,3,2,2,2,4,4,3,1,3,2,4.0,1.0,Healthy,False,3.46610015594123
4,0,5,3,1,3,3,4,3,3,2,4,3,0,3,4,4.0,2.0,Zombie,False,3.2524104476662203
3,1,1,2,1,3,3,3,3,4,0,4,1,2,3,2,2.0,1.0,Healthy,False,3.6898391584150985
2,4,1,1,1,2,3,3,5,4,1,4,5,0,2,3,2.0,1.0,Healthy,False,4.418448353144575
3,1,2,2,1,2,3,2,4,3,2,4,3,1,3,3,2.0,1.0,Healthy,False,2.032852592524744
2,2,5,1,3,3,3,3,1,2,2,4,1,2,3,2,4.0,1.0,Healthy,False,4.481589033334568
4,0,2,1,2,3,3,2,3,3,2,4,3,2,3,3,2.0,1.0,Healthy,False,2.8659071509937437
1,2,4,1,2,3,2,2,1,4,2,1,3,4,2,2,0.5,1.0,Healthy,False,4.965198422960787
5,2,5,3,3,3,1,3,2,2,0,1,3,1,1,2,2.0,0.0,High-Tech Burnout,False,3.845108889541823
3,4,2,2,1,2,3,2,4,4,2,4,3,4,3,3,2.0,1.0,Healthy,False,3.1259622016318755
3,0,3,3,1,3,3,2,4,4,0,4,4,0,3,2,6.0,2.0,Zombie,False,3.92599193143562
3,0,2,1,1,1,3,3,2,2,2,3,3,4,3,2,2.0,1.0,Healthy,False,3.160771344104288
3,2,3,1,1,2,3,2,4,2,0,4,3,0,2,2,2.0,1.0,Healthy,False,2.9088203371062527
3,2,4,3,1,3,3,3,3,3,2,4,3,4,3,2,2.0,2.0,Zombie,False,2.826673861908366
2,2,3,3,2,3,3,2,4,1,2,4,3,2,1,3,2.0,2.0,Zombie,False,4.117370564488166
5,4,5,3,1,4,3,3,5,2,0,4,5,0,3,4,2.0,2.0,Zombie,False,4.106217592102383
2,4,1,2,1,2,3,3,3,4,2,4,1,4,2,2,2.0,1.0,Healthy,False,3.8159476747386187
2,0,3,1,1,1,3,3,2,4,2,4,3,0,2,2,2.0,1.0,Healthy,False,2.9533383329270944
4,2,1,3,2,2,3,3,5,3,0,2,4,0,2,3,2.0,2.0,Zombie,False,3.563057404814044
4,4,5,3,1,1,3,4,5,3,1,4,5,4,2,3,4.0,2.0,Zombie,False,3.75394066921766
4,4,4,1,1,3,3,3,3,2,1,2,4,2,2,4,2.0,2.0,Zombie,False,3.2697515565920985
5,1,5,2,1,4,1,4,4,3,2,1,4,4,1,4,2.0,0.0,High-Tech Burnout,False,4.674633984490463
4,0,4,3,2,2,3,4,3,3,1,1,4,2,2,4,4.0,2.0,Zombie,False,3.128264844878443
2,4,4,3,2,4,3,4,4,2,2,4,4,0,2,4,0.5,2.0,Zombie,False,4.02360596222569
4,2,4,2,1,2,2,3,5,4,2,3,3,4,3,3,2.0,2.0,Zombie,False,3.524171202372765
4,2,5,1,1,3,3,2,2,4,4,4,3,1,3,2,6.0,1.0,Healthy,False,4.362321067961188
3,1,4,1,1,2,3,3,2,1,0,4,4,2,1,2,0.5,1.0,Healthy,False,4.571552688636742
3,2,3,2,2,2,3,4,4,2,0,4,3,2,2,2,2.0,2.0,Zombie,False,2.9586730586883827
4,0,3,2,1,2,3,3,4,4,2,4,3,4,3,3,2.0,2.0,Zombie,False,3.0644737738448624
4,0,4,3,2,3,2,2,1,3,2,2,4,4,2,2,2.0,0.0,High-Tech Burnout,False,3.6033193223675686
1,4,1,3,2,3,3,4,1,3,2,4,1,0,3,3,2.0,1.0,Healthy,False,4.872448777578109
4,2,3,3,2,3,3,3,4,3,1,4,4,4,2,4,2.0,2.0,Zombie,False,2.3841062188220157
3,0,2,2,1,1,3,3,5,2,1,1,5,2,3,2,0.5,2.0,Zombie,False,4.440489785047776
5,2,3,2,2,3,2,3,3,3,1,1,4,0,1,2,0.5,0.0,High-Tech Burnout,False,3.7770827489166243
2,4,4,1,3,4,3,2,4,4,2,2,3,0,2,3,4.0,2.0,Zombie,False,4.4541785306908706
5,1,4,1,2,2,3,2,4,2,2,4,4,2,2,2,0.5,2.0,Zombie,False,3.5152378803484132
2,0,3,1,1,1,3,1,1,4,0,3,3,4,3,3,2.0,1.0,Healthy,False,3.799220119936892
2,0,1,2,1,1,3,1,1,2,2,4,5,0,2,2,0.5,1.0,Healthy,False,4.55428028571476
3,0,2,3,3,3,3,4,5,4,0,3,4,4,3,3,4.0,2.0,Zombie,False,3.864605857677576
5,4,5,4,4,4,1,4,5,2,1,3,5,4,1,4,2.0,0.0,High-Tech Burnout,True,5.075757424149188
5,4,5,4,4,4,2,4,5,2,1,3,5,4,1,4,6.0,0.0,High-Tech Burnout,True,5.212520702621662
5,4,5,4,4,4,2,4,5,3,1,3,5,4,1,3,6.0,0.0,High-Tech Burnout,True,5.054131961999078
5,0,5,2,4,4,3,3,4,4,2,4,3,0,2,2,4.0,2.0,Zombie,False,4.515397045831361
1,1,1,2,3,3,3,3,1,1,1,4,4,4,2,4,6.0,1.0,Healthy,True,5.363778670720324
4,0,4,2,1,1,3,3,5,2,0,4,3,2,1,4,2.0,2.0,Zombie,False,4.093601410414229
3,1,4,3,1,3,3,3,3,3,2,4,4,0,3,4,2.0,2.0,Zombie,False,2.729812775164356
4,4,4,3,1,2,3,3,3,3,2,4,5,4,3,3,0.5,2.0,Zombie,False,3.3495057026446102
4,2,4,2,1,3,3,2,1,3,1,1,2,0,3,4,2.0,1.0,Healthy,False,4.1630987791295695
1,2,3,1,1,2,3,2,3,3,4,4,3,1,2,3,0.5,1.0,Healthy,False,3.435554202696328
1,0,4,2,1,2,3,1,4,4,2,4,1,4,2,2,0.5,1.0,Healthy,False,4.266096281467263
3,1,3,1,2,1,3,4,4,3,2,4,3,4,2,2,4.0,1.0,Healthy,False,3.361701025078107
2,0,3,1,1,1,3,3,5,4,2,4,3,4,2,3,2.0,1.0,Healthy,False,3.5006543164767203
4,2,4,2,1,2,3,3,4,3,4,1,3,0,3,4,4.0,2.0,Zombie,False,3.9358436906999845
5,4,4,3,2,3,3,3,4,2,2,1,3,2,3,2,0.5,2.0,Zombie,False,3.72214274718889
3,2,5,2,1,2,3,4,2,3,1,4,3,0,2,2,0.5,2.0,Zombie,False,3.691630213757241
4,2,4,3,3,2,3,4,5,4,2,1,5,4,3,2,0.5,2.0,Zombie,False,4.296008434580572
4,4,3,4,3,3,2,3,4,3,2,4,4,2,2,2,2.0,0.0,High-Tech Burnout,False,3.163620650341219
5,0,4,3,1,2,3,3,2,3,4,1,4,0,2,3,4.0,2.0,Zombie,False,4.304922684028751
5,1,5,4,2,4,3,2,2,1,1,4,3,0,3,3,2.0,2.0,Zombie,False,4.42462209976526
4,2,4,1,2,2,3,3,4,2,1,4,4,2,3,2,0.5,2.0,Zombie,False,3.0178515616567783
3,2,5,3,2,2,3,3,4,3,2,1,4,0,3,4,6.0,2.0,Zombie,False,3.5807905857819344
5,0,5,2,2,3,2,3,4,3,0,1,5,0,1,3,2.0,0.0,High-Tech Burnout,False,4.217973340878803
3,4,3,3,2,3,3,3,4,3,4,4,3,2,2,3,0.5,2.0,Zombie,False,3.7115789968835284
3,4,4,2,2,3,3,3,1,2,2,4,3,0,3,4,2.0,2.0,Zombie,False,3.955937279559463
4,1,5,2,2,3,3,4,4,4,1,1,5,2,2,3,2.0,2.0,Zombie,False,3.3046578505774584
5,0,5,3,2,4,3,3,5,3,2,1,4,0,2,4,6.0,2.0,Zombie,False,4.171777671390145
5,2,5,2,1,2,3,2,3,4,2,1,5,0,2,2,4.0,2.0,Zombie,False,4.142245560532056
3,4,3,2,1,1,3,3,4,3,1,3,3,2,3,3,0.5,1.0,Healthy,False,3.0999919895504897
4,0,3,1,2,3,3,2,5,2,1,2,5,0,2,1,0.5,2.0,Zombie,False,4.565789929385548
4,2,4,1,2,2,3,3,4,3,2,1,3,0,2,3,6.0,2.0,Zombie,False,3.537489462580122
4,0,2,4,2,4,3,2,4,3,2,4,4,4,3,2,2.0,2.0,Zombie,False,3.935484399858062
3,0,2,1,2,3,3,2,3,4,0,4,3,4,3,2,4.0,1.0,Healthy,False,3.43662795501151
4,0,3,1,1,1,3,2,5,4,4,4,3,4,2,2,2.0,1.0,Healthy,False,4.263653714870244
1,2,5,1,3,4,2,3,3,2,1,2,3,4,3,2,6.0,0.0,High-Tech Burnout,False,4.705579645256008
5,1,4,3,1,2,3,2,5,4,2,1,5,4,2,4,6.0,2.0,Zombie,False,4.397977379663593
4,4,5,3,1,3,3,3,5,4,0,4,5,4,3,2,0.5,2.0,Zombie,False,4.09315073189461
4,4,4,3,1,3,3,2,3,3,2,1,4,2,3,3,2.0,2.0,Zombie,False,3.2580552431936103
4,0,4,1,1,2,3,3,4,2,1,2,3,4,2,4,2.0,2.0,Zombie,False,3.3882261097383672
4,0,4,3,2,3,2,4,4,3,2,4,4,0,2,3,0.5,0.0,High-Tech Burnout,False,3.4544664151658404
3,4,3,3,1,3,3,1,2,3,2,4,4,2,3,3,2.0,1.0,Healthy,False,3.520124340638262
3,2,4,3,1,2,3,3,4,2,1,4,3,4,3,3,4.0,2.0,Zombie,False,2.5543656953281695
3,1,4,1,1,4,3,4,4,3,4,4,4,4,2,2,0.5,2.0,Zombie,False,4.453276192856772
5,0,4,1,2,3,3,4,4,2,2,4,5,0,3,4,2.0,2.0,Zombie,False,3.707802118212001
4,2,4,2,2,1,3,2,4,2,0,4,3,1,2,3,4.0,2.0,Zombie,False,3.084976076721038
5,4,5,3,2,3,3,4,5,3,1,1,1,4,3,4,2.0,2.0,Zombie,False,4.726086415842466
4,1,4,2,2,2,2,4,5,3,2,2,3,4,2,4,6.0,0.0,High-Tech Burnout,False,3.746483876462005
5,0,1,3,1,3,3,3,5,4,2,4,4,4,2,3,4.0,2.0,Zombie,False,4.019580686802053
4,0,4,3,3,3,2,3,4,3,0,2,4,4,3,3,2.0,0.0,High-Tech Burnout,False,3.259561853104497
3,0,2,1,3,2,3,3,4,3,0,4,3,0,2,3,0.5,1.0,Healthy,False,3.827976004396674
4,0,5,3,2,3,3,2,4,3,0,3,4,4,3,2,4.0,2.0,Zombie,False,3.146844247608578
3,0,5,2,1,2,3,2,5,3,4,4,5,4,3,4,4.0,2.0,Zombie,False,4.34101588474089
4,4,4,3,3,2,3,4,3,3,2,4,3,0,3,2,2.0,2.0,Zombie,False,3.5352118363799176
3,0,4,1,1,4,3,4,4,2,2,1,3,0,3,3,4.0,2.0,Zombie,False,4.008856478202544
2,4,2,3,2,2,3,2,5,3,4,3,3,4,2,2,2.0,1.0,Healthy,False,4.291436958902979
3,4,3,1,1,3,3,2,5,3,4,4,4,0,3,3,2.0,1.0,Healthy,False,4.234542185570894
2,1,5,1,1,3,3,3,3,2,0,1,3,0,3,2,4.0,1.0,Healthy,False,4.195489143738772
2,0,2,1,1,3,3,2,3,3,0,4,3,2,3,2,2.0,1.0,Healthy,False,2.903832803424115
2,0,4,2,1,2,3,3,1,4,2,4,3,4,2,2,0.5,1.0,Healthy,False,3.6533211248223205
3,1,4,1,1,2,3,2,2,1,0,4,3,0,3,2,2.0,1.0,Healthy,False,3.6663649372418243
2,2,2,1,2,3,3,3,2,2,0,4,4,4,2,3,2.0,1.0,Healthy,False,3.6392739875545725
4,0,4,1,2,3,3,3,5,2,2,4,3,2,3,2,2.0,2.0,Zombie,False,3.1766266016342914
5,0,5,4,2,4,3,4,5,3,1,1,5,2,3,3,0.5,2.0,Zombie,False,4.315316992144448
5,4,3,3,1,3,3,3,5,4,2,3,4,0,2,2,2.0,2.0,Zombie,False,3.568549341709884
5,0,5,4,4,4,1,4,4,4,0,4,4,0,1,4,2.0,0.0,High-Tech Burnout,True,5.2521031744701965
4,0,3,2,1,3,3,4,4,2,2,4,4,0,2,3,4.0,2.0,Zombie,False,2.8578398351494956
4,2,4,1,1,2,3,4,4,3,0,4,4,4,3,4,2.0,2.0,Zombie,False,3.3022084582330655
2,4,2,2,2,2,3,2,3,2,2,4,3,4,2,2,6.0,1.0,Healthy,False,3.412985107105773
2,4,4,1,1,3,3,4,4,4,2,4,4,2,3,4,2.0,2.0,Zombie,False,3.902897906695829
2,2,4,2,1,3,3,2,2,4,1,4,3,0,2,3,2.0,1.0,Healthy,False,2.8336306783502088
2,0,1,2,2,3,3,2,4,1,2,4,3,0,2,2,4.0,1.0,Healthy,False,3.9358458719145175
5,4,2,2,1,1,3,4,5,2,1,4,5,0,3,2,4.0,2.0,Zombie,False,4.380381508351528
4,1,4,2,2,2,3,4,4,1,0,1,3,0,1,2,0.5,2.0,Zombie,False,4.720282299077586
3,2,3,1,2,1,1,3,3,1,2,4,3,4,1,4,2.0,0.0,High-Tech Burnout,False,4.480952106979962
3,0,3,1,1,1,3,2,2,2,0,4,3,0,2,3,4.0,1.0,Healthy,False,2.9580435473851745
5,0,2,3,1,3,3,2,5,4,1,1,5,4,3,2,2.0,2.0,Zombie,False,4.467169884722503
4,1,3,1,1,2,3,2,2,3,2,3,3,2,2,3,4.0,1.0,Healthy,False,2.1064043536281574
3,1,3,3,1,2,3,2,3,3,0,4,3,0,3,2,2.0,1.0,Healthy,False,2.7633546308292947
2,0,2,4,1,1,3,2,4,4,1,4,2,0,2,2,2.0,1.0,Healthy,False,3.8721444054568526
3,0,3,3,2,3,2,3,2,4,2,4,3,0,2,2,4.0,0.0,High-Tech Burnout,False,3.615721483241569
3,0,3,3,1,1,3,2,4,4,2,4,3,4,2,2,2.0,1.0,Healthy,False,3.259107645269168
4,2,2,3,1,3,2,3,2,2,2,1,3,4,2,2,2.0,0.0,High-Tech Burnout,False,3.6661541328144525
4,4,4,3,3,3,3,3,4,2,1,3,4,4,2,4,2.0,2.0,Zombie,False,3.1328681771281492
4,0,5,3,2,2,3,4,5,2,2,2,3,0,1,4,4.0,2.0,Zombie,False,4.070569786701286
4,2,4,3,3,3,2,3,4,2,2,1,4,2,1,4,2.0,0.0,High-Tech Burnout,False,3.0455016028151234
4,2,5,3,2,4,3,2,4,1,1,2,4,4,3,4,2.0,2.0,Zombie,False,3.835768279087687
5,2,5,2,2,3,1,3,5,2,1,2,5,4,1,4,4.0,0.0,High-Tech Burnout,False,4.07990492220621
4,4,4,4,3,3,3,3,4,4,1,1,5,4,1,4,4.0,2.0,Zombie,False,4.7837517358062485
2,0,3,2,2,2,3,2,2,2,1,1,3,0,3,4,2.0,1.0,Healthy,False,3.7205791359492504
2,2,1,2,1,3,3,3,4,4,2,2,3,2,3,2,2.0,1.0,Healthy,False,3.382317717446267
4,0,3,3,2,2,3,2,4,4,0,4,4,2,1,4,2.0,2.0,Zombie,False,3.9014083351328765
1,1,1,1,1,1,3,1,1,4,4,1,1,1,3,1,0.5,1.0,Healthy,True,5.658125519117259
4,2,4,2,2,1,3,3,3,2,2,4,3,0,2,2,2.0,1.0,Healthy,False,3.1513343235740625
2,0,5,3,4,3,3,3,3,3,0,4,3,0,2,4,2.0,2.0,Zombie,False,4.389074073334266
5,0,5,4,4,4,1,4,5,1,0,1,5,0,1,4,4.0,0.0,High-Tech Burnout,True,5.562738490678388
4,2,4,3,2,4,1,2,4,2,0,1,4,2,1,4,4.0,0.0,High-Tech Burnout,False,3.6629229038453177
4,2,4,3,3,4,1,2,4,1,2,1,4,2,1,3,4.0,0.0,High-Tech Burnout,False,3.5845047522529465
3,0,5,1,2,3,3,3,4,3,4,4,4,2,2,2,4.0,2.0,Zombie,False,3.8413997787661893
4,2,3,3,2,4,3,4,4,2,1,3,3,0,2,4,4.0,2.0,Zombie,False,3.081889508546387
5,2,5,3,1,3,2,4,3,2,2,4,5,2,3,2,0.5,2.0,Zombie,False,4.149342567147762
2,4,2,2,1,2,3,4,2,2,2,4,3,2,3,3,4.0,1.0,Healthy,False,3.3201757609181084
2,1,4,1,1,1,3,3,1,3,0,4,2,2,2,2,4.0,1.0,Healthy,False,3.223266358788358
4,4,2,2,1,2,3,2,2,4,2,4,1,2,2,4,6.0,1.0,Healthy,False,3.988792765187476
3,0,2,3,1,3,3,1,4,3,0,3,3,0,2,2,0.5,1.0,Healthy,False,3.8931799132673954
3,2,2,2,2,3,3,2,4,3,1,4,4,0,3,3,2.0,2.0,Zombie,False,2.867406880221217
3,0,2,4,2,3,3,3,4,3,2,4,4,4,2,2,2.0,2.0,Zombie,False,3.50890250408132
4,0,4,2,1,3,3,3,1,4,2,4,1,4,2,2,2.0,1.0,Healthy,False,4.1421481287838064
3,0,5,1,1,1,3,3,5,2,2,4,4,4,2,3,6.0,2.0,Zombie,False,4.120998418007375
1,4,1,1,1,3,3,1,1,3,1,4,1,2,3,2,2.0,1.0,Healthy,False,4.413355255821564
4,2,3,3,4,4,2,3,3,3,2,4,4,0,2,4,2.0,0.0,High-Tech Burnout,False,3.509613037540559
3,2,3,2,1,4,3,3,2,3,2,4,2,4,2,3,2.0,1.0,Healthy,False,3.334758819809495
1,4,1,2,1,1,3,4,5,2,0,4,5,0,3,3,6.0,1.0,Healthy,True,5.374191882204103
2,4,4,1,1,1,2,4,1,4,4,4,3,4,2,1,4.0,1.0,Healthy,True,5.429036100808906
4,1,3,1,1,1,3,2,3,2,0,4,4,0,2,4,6.0,1.0,Healthy,False,3.9106967599070375
4,0,3,2,1,2,3,3,3,3,2,4,4,2,1,3,2.0,2.0,Zombie,False,3.245819205144594
3,0,4,2,1,2,3,3,4,3,2,1,4,2,2,2,2.0,2.0,Zombie,False,3.1308117424407977
4,4,4,3,3,1,3,2,2,3,4,3,3,4,2,2,2.0,1.0,Healthy,False,4.650734296777595
4,0,2,2,2,2,3,3,4,3,2,4,4,4,3,3,2.0,2.0,Zombie,False,2.872327197945102
4,2,4,3,3,3,1,4,4,2,2,3,4,2,3,3,4.0,0.0,High-Tech Burnout,False,2.8410635651377354
3,2,4,3,1,3,3,3,3,3,1,1,3,4,3,4,2.0,2.0,Zombie,False,3.2289984965997824
3,0,3,2,2,3,3,3,4,3,0,4,4,0,2,3,4.0,2.0,Zombie,False,2.641538866140331
3,0,2,3,1,1,3,1,2,4,2,4,3,0,3,3,2.0,1.0,Healthy,False,3.3613601814380263
4,4,3,4,2,4,3,4,5,3,0,4,4,2,3,3,2.0,2.0,Zombie,False,3.585669785398097
4,2,3,1,3,1,3,2,4,2,2,4,3,0,2,4,2.0,1.0,Healthy,False,3.8958741038026026
3,0,3,3,2,3,3,3,3,4,0,4,3,0,3,3,2.0,2.0,Zombie,False,3.2025178466064785
4,4,4,2,1,2,3,1,3,4,4,4,4,0,2,2,6.0,1.0,Healthy,False,4.522598862343439
1,2,1,1,1,1,3,3,1,3,0,4,1,4,3,3,2.0,1.0,Healthy,False,4.236820272544605
3,4,2,2,2,3,3,1,4,4,0,4,2,0,2,4,2.0,1.0,Healthy,False,4.191451835484052
5,2,4,4,3,2,3,3,4,3,0,2,3,4,2,2,2.0,2.0,Zombie,False,3.6958352264960217
5,0,1,4,4,3,3,1,1,3,0,1,3,0,3,4,4.0,2.0,Zombie,True,6.27476878074116
3,4,3,2,1,1,3,2,5,3,0,2,4,2,3,3,2.0,2.0,Zombie,False,3.6675478882599952
4,4,4,3,4,3,3,3,3,3,0,4,3,0,3,4,6.0,2.0,Zombie,False,4.365386372520985
3,0,2,3,1,2,3,2,5,2,2,4,3,4,2,2,4.0,1.0,Healthy,False,3.5085523189317143
4,0,2,2,1,3,3,3,3,2,2,1,3,2,2,2,0.5,2.0,Zombie,False,3.885184905258669
3,2,5,2,1,1,3,4,1,1,0,4,2,0,2,2,2.0,1.0,Healthy,False,4.728574978185267
5,0,5,4,4,4,3,4,5,4,0,4,5,0,2,4,6.0,2.0,Zombie,True,5.400616876841956
4,0,1,2,3,3,3,1,3,3,0,2,5,4,3,3,2.0,2.0,Zombie,False,4.751246916482796
2,0,4,1,2,2,3,2,3,3,0,4,3,0,3,4,4.0,1.0,Healthy,False,3.3079471328981795
2,1,3,1,1,1,3,2,1,2,0,4,4,0,2,3,4.0,1.0,Healthy,False,3.3941049154520657
3,0,3,1,2,3,3,2,4,4,2,4,2,2,2,3,2.0,1.0,Healthy,False,2.9764320568375577
4,0,3,2,3,3,3,2,5,3,2,4,4,4,3,2,2.0,2.0,Zombie,False,3.4711001624737703
4,2,4,1,1,4,3,3,4,3,2,1,3,2,3,3,2.0,2.0,Zombie,False,3.3384478274923297
4,0,4,2,2,3,3,3,3,3,0,4,4,2,2,2,4.0,2.0,Zombie,False,2.5921017173577336
5,0,2,2,4,2,2,4,3,4,1,4,4,0,3,2,2.0,0.0,High-Tech Burnout,False,4.800374758996392
3,0,3,3,1,3,3,1,2,4,2,1,5,4,3,4,6.0,2.0,Zombie,True,5.065288531933724
4,2,4,3,1,3,3,3,4,2,2,4,4,0,3,4,6.0,2.0,Zombie,False,3.0793701200140933
4,2,4,2,1,3,3,2,5,3,2,1,4,4,3,3,4.0,2.0,Zombie,False,3.187776906047757
2,0,4,3,2,3,3,3,3,3,0,2,3,2,3,4,0.5,2.0,Zombie,False,3.5288930162496674
5,2,5,2,2,3,3,3,5,3,2,4,5,4,3,4,2.0,2.0,Zombie,False,3.2208648298609006
4,4,4,3,3,4,3,4,4,4,0,1,3,4,2,2,6.0,2.0,Zombie,False,4.6789131471485375
1,2,1,3,1,1,3,1,3,3,2,3,2,4,3,2,2.0,1.0,Healthy,False,3.7889735311903157
1,0,2,3,3,4,3,3,1,4,2,4,1,0,3,2,0.5,1.0,Healthy,True,5.307509961358784
2,0,2,1,1,1,3,2,2,4,0,4,3,0,2,2,0.5,1.0,Healthy,False,3.5005627735872893
3,4,4,3,2,2,3,2,1,2,2,4,4,4,2,2,4.0,1.0,Healthy,False,3.958905346649584
4,2,2,1,1,1,3,3,1,4,2,1,4,4,2,4,0.5,1.0,Healthy,False,4.697488249142099
3,4,4,3,1,1,3,1,1,3,2,4,3,0,2,2,2.0,1.0,Healthy,False,3.7940170003332443
2,4,4,3,3,3,3,4,5,2,2,3,4,2,2,2,2.0,2.0,Zombie,False,3.700471302153319
4,0,5,3,2,2,3,3,3,3,2,2,4,0,2,2,0.5,2.0,Zombie,False,3.318438993737885
4,4,5,2,2,2,3,3,5,3,2,4,4,4,3,2,2.0,2.0,Zombie,False,3.2072458930292003
2,0,5,1,1,2,3,4,4,3,4,1,4,4,3,2,2.0,2.0,Zombie,False,4.870938254888929
4,0,3,2,1,2,3,2,3,3,0,4,3,4,3,2,2.0,1.0,Healthy,False,3.0364610009203443
4,2,4,3,2,2,3,3,3,3,0,4,4,0,2,3,2.0,2.0,Zombie,False,2.3937743671643443
4,4,4,3,2,3,3,3,5,2,1,4,4,2,2,3,2.0,2.0,Zombie,False,2.4957177158141337
4,2,3,2,2,3,3,3,3,4,2,4,4,4,2,2,4.0,2.0,Zombie,False,2.9271094629914183
2,4,2,1,1,3,3,2,4,4,2,4,2,4,3,2,4.0,1.0,Healthy,False,3.554473046867564
3,2,4,2,1,2,3,3,1,3,4,1,4,0,3,4,2.0,1.0,Healthy,False,4.530573436778231
5,0,4,1,2,1,3,4,5,2,0,4,5,4,2,2,2.0,2.0,Zombie,False,4.3202990899075795
4,0,3,2,2,2,3,3,4,2,1,1,3,0,2,2,2.0,2.0,Zombie,False,3.3823392729353614
4,0,4,4,1,2,3,4,5,4,1,4,4,4,3,3,2.0,2.0,Zombie,False,3.5396943878417564
4,0,4,2,2,4,2,2,5,4,0,4,3,2,2,3,4.0,0.0,High-Tech Burnout,False,3.9103927260746936
4,1,5,1,2,2,3,3,2,2,4,4,4,0,2,4,2.0,2.0,Zombie,False,4.267560814219916
1,2,4,1,1,1,3,3,4,2,2,4,2,2,2,3,2.0,1.0,Healthy,False,3.228151776191897
1,4,1,1,1,2,3,1,3,4,4,4,1,4,2,2,6.0,1.0,Healthy,False,5.000090088620722
5,2,5,2,1,2,3,3,3,3,2,4,4,4,3,2,2.0,2.0,Zombie,False,3.0917929702362548
4,1,5,3,4,3,3,3,4,3,2,4,3,0,2,4,2.0,2.0,Zombie,False,3.7478696889426457
5,2,5,3,1,1,3,4,5,3,2,4,5,4,3,3,0.5,2.0,Zombie,False,3.939817224758755
5,2,5,3,3,4,3,4,5,3,2,3,5,2,3,4,6.0,2.0,Zombie,False,4.0240232224323265
5,4,5,4,4,4,3,4,5,2,1,1,5,4,1,3,2.0,2.0,Zombie,True,5.613095452624429
4,2,3,2,2,3,3,3,4,2,1,2,4,2,3,2,2.0,2.0,Zombie,False,2.388715515071806
5,0,3,2,1,3,3,3,5,2,2,4,3,2,3,4,4.0,2.0,Zombie,False,3.1642049100763407
3,2,2,1,1,2,3,3,4,3,2,4,2,4,1,4,6.0,1.0,Healthy,False,4.01842563926207
2,4,2,3,1,3,3,2,2,2,2,1,2,0,3,4,6.0,1.0,Healthy,False,4.553853353492526
4,4,4,2,3,2,3,3,2,3,0,4,4,4,2,4,4.0,2.0,Zombie,False,3.6726226569281497
3,1,4,2,1,1,2,3,2,4,2,2,2,2,3,3,2.0,1.0,Healthy,False,3.582452430813739
4,0,2,3,1,1,3,3,2,4,0,3,3,0,2,4,6.0,1.0,Healthy,False,4.169525326902948
4,0,4,2,1,2,3,3,4,2,2,4,3,0,3,3,6.0,2.0,Zombie,False,3.1717383810748108
4,0,4,3,1,2,3,3,3,3,1,4,4,4,3,4,6.0,2.0,Zombie,False,3.243853685018454
4,0,4,2,2,2,3,4,4,3,2,4,4,0,3,3,6.0,2.0,Zombie,False,3.040823831395261
4,0,3,3,2,3,3,3,4,3,0,4,4,2,3,4,2.0,2.0,Zombie,False,2.6103739489451234
5,0,5,4,3,3,3,4,5,4,1,4,1,4,3,4,6.0,2.0,Zombie,True,5.229020588357441
2,4,3,1,1,2,3,3,4,1,0,4,3,0,1,4,6.0,1.0,Healthy,False,4.940057158134029
5,0,4,3,2,3,3,3,4,3,0,3,3,4,2,3,6.0,2.0,Zombie,False,3.1670144079905507
4,0,4,2,1,3,3,3,4,2,0,4,3,4,3,4,4.0,2.0,Zombie,False,3.0982509473322293
3,4,2,1,1,1,3,1,4,3,0,4,3,0,2,3,4.0,1.0,Healthy,False,3.4567225146468594
2,1,5,1,1,2,3,3,1,3,2,4,4,4,2,4,6.0,1.0,Healthy,False,4.20215774926481
4,4,2,2,1,1,3,3,5,3,1,1,4,4,3,4,2.0,2.0,Zombie,False,4.187129084092447
4,2,5,2,1,3,3,3,4,4,0,4,3,4,3,4,6.0,2.0,Zombie,False,3.6236640654141024
4,1,4,1,1,1,3,2,3,3,2,4,4,4,2,4,6.0,1.0,Healthy,False,3.7648756987449166
2,4,4,3,1,1,2,3,4,4,2,4,1,0,2,2,2.0,1.0,Healthy,False,4.498264138768239
2,2,3,2,1,1,3,2,2,3,2,4,2,0,2,3,2.0,1.0,Healthy,False,2.2680889353993883
5,4,4,2,2,2,3,4,4,2,2,1,4,0,1,3,0.5,2.0,Zombie,False,4.373177790974369
3,0,2,3,3,3,3,2,4,3,0,4,3,2,3,2,4.0,2.0,Zombie,False,3.667150926998114
4,1,5,2,1,3,3,4,5,4,1,4,5,4,2,4,4.0,2.0,Zombie,False,3.5278906500453187
4,4,3,2,3,3,3,4,4,2,1,4,4,0,3,2,2.0,2.0,Zombie,False,3.460452096855258
4,0,4,2,1,3,3,3,3,2,4,4,3,0,2,3,6.0,2.0,Zombie,False,3.9701888724177175
1,4,3,3,2,3,1,2,1,3,0,2,4,2,3,4,0.5,0.0,High-Tech Burnout,False,4.934675880339059
4,0,5,2,2,3,2,3,5,3,1,4,5,0,1,3,2.0,0.0,High-Tech Burnout,False,3.9895757386389903
2,4,2,2,1,1,3,4,2,4,0,4,2,4,3,3,2.0,1.0,Healthy,False,4.046046552722558
3,4,3,3,1,2,1,3,4,2,2,1,3,2,3,3,4.0,0.0,High-Tech Burnout,False,3.723245299231497
3,1,2,1,1,1,3,1,3,4,0,4,2,0,2,2,2.0,1.0,Healthy,False,3.337678102376295
3,0,4,2,1,3,3,2,4,2,1,4,3,0,3,4,2.0,2.0,Zombie,False,3.218451538727225
3,1,4,3,3,1,2,2,4,3,1,4,3,4,2,3,6.0,0.0,High-Tech Burnout,False,3.60789913776806
3,2,4,3,3,3,3,3,3,3,0,4,3,0,3,2,6.0,2.0,Zombie,False,3.55643080551588
3,2,4,1,1,3,3,3,4,3,2,4,3,4,3,3,2.0,2.0,Zombie,False,2.854844672605499
3,2,5,1,2,2,3,3,4,3,2,4,4,0,3,4,4.0,2.0,Zombie,False,3.099233446016225
3,2,3,2,1,1,3,2,2,2,2,1,3,2,3,2,2.0,1.0,Healthy,False,3.1234965948495903
2,0,4,2,1,3,3,3,4,4,2,1,2,0,3,2,4.0,1.0,Healthy,False,3.8825056253770067
4,4,4,3,1,3,3,3,2,3,2,4,3,0,3,2,4.0,2.0,Zombie,False,3.401787598764313
4,4,3,2,1,1,3,2,5,4,1,4,5,0,2,3,6.0,2.0,Zombie,False,4.2853341725370635
3,0,4,1,1,2,3,3,2,3,0,1,3,0,2,3,4.0,1.0,Healthy,False,3.527218051489358
5,2,5,3,2,3,3,4,5,4,2,4,5,2,3,3,2.0,2.0,Zombie,False,3.255309524660157
3,4,4,2,2,3,2,3,3,2,0,3,3,2,2,2,2.0,0.0,High-Tech Burnout,False,2.8406555962204885
4,0,4,3,1,2,3,3,4,4,0,1,4,4,3,3,6.0,2.0,Zombie,False,3.832068097678159
3,2,4,1,1,1,3,3,3,3,0,4,3,0,2,2,6.0,1.0,Healthy,False,3.2448016670142734
3,1,2,2,1,1,1,3,2,1,2,4,1,1,3,3,6.0,0.0,High-Tech Burnout,True,5.3694314145472894
3,1,3,2,1,4,3,3,3,1,4,1,3,1,3,4,6.0,2.0,Zombie,False,4.973172316384812
2,2,2,3,1,1,3,3,4,3,1,1,3,0,1,4,4.0,1.0,Healthy,False,4.355715632639313
3,0,2,1,1,1,3,2,3,4,2,4,3,1,3,3,6.0,1.0,Healthy,False,2.9391163838293677
3,2,4,2,2,2,3,2,3,2,0,2,3,1,1,4,4.0,2.0,Zombie,False,3.814447381308005
3,2,5,2,1,2,3,3,4,2,0,2,3,1,1,4,4.0,2.0,Zombie,False,3.7625595307593214
3,2,4,2,1,2,3,2,3,2,0,2,3,1,1,4,4.0,1.0,Healthy,False,3.826865427822364
4,1,5,1,1,3,3,3,4,3,1,4,4,0,2,2,4.0,2.0,Zombie,False,3.0384819451498326
5,0,4,3,4,3,3,3,3,2,1,1,4,2,3,4,2.0,2.0,Zombie,False,4.179214403371107
5,0,4,2,2,3,3,4,5,2,1,3,5,2,2,4,6.0,2.0,Zombie,False,3.5425222412258
3,2,1,3,2,3,1,2,4,3,1,2,1,4,1,2,6.0,0.0,High-Tech Burnout,False,4.71931006738231
3,2,1,1,1,2,3,1,3,3,2,4,3,2,3,3,6.0,1.0,Healthy,False,3.0394025819713124
4,4,4,2,2,3,3,3,4,4,2,4,4,4,2,2,4.0,2.0,Zombie,False,3.1252827352547885
4,2,4,2,2,2,2,4,4,2,2,2,4,2,3,3,2.0,0.0,High-Tech Burnout,False,3.067983854616783
4,0,5,1,1,2,3,2,5,2,2,1,3,0,3,3,2.0,2.0,Zombie,False,4.040211043540487
4,4,4,4,1,3,3,4,4,4,1,4,4,4,3,4,4.0,2.0,Zombie,False,3.688289949635011
3,0,3,2,1,2,3,3,2,3,4,4,4,4,3,3,4.0,1.0,Healthy,False,3.505587631945547
3,2,3,2,3,2,3,2,3,3,0,2,3,2,1,3,4.0,1.0,Healthy,False,3.6835338092848855
3,0,5,3,1,3,3,3,4,2,0,4,3,0,2,2,2.0,2.0,Zombie,False,3.336051009108453
4,2,4,2,1,3,3,4,4,3,2,4,4,2,2,3,2.0,2.0,Zombie,False,2.0890902853048754
3,0,3,1,1,1,3,3,3,4,0,4,3,0,3,4,4.0,1.0,Healthy,False,3.4360457316131128
4,0,2,2,1,3,3,2,4,3,2,3,4,2,3,3,2.0,2.0,Zombie,False,2.858244943296508
2,4,2,1,1,1,3,2,3,3,2,4,2,0,3,2,2.0,1.0,Healthy,False,2.9896490786133176
3,1,3,1,1,1,3,1,3,4,4,3,3,1,3,4,6.0,1.0,Healthy,False,4.0623469131285805
2,2,1,4,2,4,2,2,1,1,1,3,3,4,2,2,4.0,0.0,High-Tech Burnout,False,4.781348866261294
4,0,4,1,1,1,3,3,2,3,0,4,3,4,3,2,6.0,1.0,Healthy,False,3.8331230580505613
1,2,4,3,1,2,3,4,1,3,1,4,3,4,1,3,6.0,1.0,Healthy,False,4.697422611904673
4,0,1,2,1,1,3,1,5,4,2,2,4,4,3,4,0.5,1.0,Healthy,False,4.93631124182362
4,2,1,3,2,2,3,3,1,2,2,2,5,2,3,4,2.0,2.0,Zombie,False,4.405728016086681
5,2,5,1,1,1,3,3,5,3,0,4,5,0,3,4,4.0,2.0,Zombie,False,4.1243791786173984
3,4,3,2,2,2,3,3,3,2,1,1,3,4,3,4,2.0,2.0,Zombie,False,3.6823332248014866
1,2,1,1,1,1,2,1,1,1,4,3,1,0,3,3,2.0,1.0,Healthy,True,5.546990292693389
3,4,1,2,1,3,3,3,1,3,0,4,1,0,3,3,6.0,1.0,Healthy,False,4.4123759034507835
4,0,5,3,3,3,3,3,4,4,0,4,4,4,2,1,6.0,2.0,Zombie,False,4.463302964903673
4,2,4,2,1,2,3,2,4,2,0,1,5,0,2,4,2.0,2.0,Zombie,False,3.734611287419608
2,1,3,1,1,1,3,2,2,4,4,2,1,0,3,2,4.0,1.0,Healthy,False,3.9953149601194142
3,4,3,1,1,2,3,3,4,3,0,4,4,4,3,3,4.0,2.0,Zombie,False,3.385241758670707
3,0,4,3,3,3,3,3,4,2,1,4,3,4,2,2,2.0,2.0,Zombie,False,3.2251138826501595
4,2,3,2,2,2,3,3,3,3,1,1,3,4,1,4,0.5,2.0,Zombie,False,4.053499794969309
4,2,5,3,2,3,3,4,5,3,2,4,4,0,3,4,2.0,2.0,Zombie,False,2.947947426398234
4,4,4,2,1,3,3,3,5,4,2,4,4,4,2,3,2.0,2.0,Zombie,False,3.144468913897123
3,0,4,1,1,1,3,3,4,2,2,4,4,4,2,3,6.0,1.0,Healthy,False,3.7430805990460208
4,2,3,1,1,1,3,2,4,3,2,4,4,0,3,3,2.0,1.0,Healthy,False,3.005157991054178
4,4,4,3,1,1,3,3,4,3,2,4,4,2,3,3,4.0,2.0,Zombie,False,2.9248563315839213
4,2,4,3,3,3,2,3,4,3,2,3,4,2,3,2,2.0,0.0,High-Tech Burnout,False,2.766529810948916
3,0,1,1,1,2,3,4,3,1,2,4,5,1,3,3,0.5,1.0,Healthy,False,4.78437815616457
4,4,3,2,2,2,3,3,4,3,0,4,4,0,3,3,2.0,2.0,Zombie,False,2.8276652511057487
3,1,4,3,3,2,3,3,4,4,1,4,3,4,2,2,6.0,2.0,Zombie,False,3.65354929063898
3,1,3,2,1,2,3,3,3,2,4,1,3,1,3,3,6.0,1.0,Healthy,False,3.9207977819702955
3,2,1,1,1,3,3,1,5,3,1,1,3,4,3,4,4.0,1.0,Healthy,False,4.547741565645909
2,2,5,2,2,3,3,3,5,3,0,4,5,0,3,4,4.0,2.0,Zombie,False,3.5410464953461545
2,2,3,1,1,3,3,3,3,2,4,4,2,4,2,2,6.0,1.0,Healthy,False,3.992403638625717
4,4,2,3,1,2,3,3,2,3,0,4,3,2,3,3,4.0,1.0,Healthy,False,3.369584782046237
3,2,3,1,1,1,3,2,3,2,1,1,4,2,3,2,6.0,1.0,Healthy,False,3.6529426784401635
4,4,2,3,1,2,3,3,3,3,2,4,4,4,2,2,4.0,2.0,Zombie,False,3.439092938187014
4,4,2,3,1,2,3,4,5,3,2,4,4,0,2,4,2.0,2.0,Zombie,False,3.640210508140208
3,0,2,1,1,2,3,2,2,2,4,4,3,2,3,3,6.0,1.0,Healthy,False,3.5765126540416987
4,0,4,2,1,3,3,3,5,3,0,1,3,4,3,3,2.0,2.0,Zombie,False,3.3675371290361995
3,4,4,4,1,2,3,3,3,2,0,4,3,0,2,3,2.0,2.0,Zombie,False,3.5756026921884443
4,0,4,2,1,3,3,3,5,3,0,4,5,0,2,3,6.0,2.0,Zombie,False,3.408181305709986
3,2,4,2,1,2,3,3,2,3,0,4,3,0,3,3,6.0,1.0,Healthy,False,3.067658677678404
5,4,5,3,3,4,3,4,5,2,1,4,5,4,3,3,4.0,2.0,Zombie,False,4.09013935974929
4,4,5,3,2,2,3,3,5,4,0,4,3,2,3,3,2.0,2.0,Zombie,False,3.262989063325347
5,2,1,1,3,4,3,1,5,4,2,3,5,4,3,4,6.0,2.0,Zombie,True,5.609222395384375
4,4,4,2,1,2,3,3,3,3,2,4,5,0,2,3,2.0,2.0,Zombie,False,3.0276221127009575
4,0,3,1,1,1,3,1,5,2,2,4,3,0,2,4,4.0,1.0,Healthy,False,4.025069765137072
3,2,4,3,3,3,2,3,4,2,2,3,3,2,3,3,4.0,0.0,High-Tech Burnout,False,2.4164652256061743
3,2,5,2,1,2,3,2,3,3,2,4,2,4,2,2,2.0,1.0,Healthy,False,2.973119112280017
3,2,2,2,1,1,3,1,3,4,2,2,2,2,2,4,2.0,1.0,Healthy,False,3.3363457404077352
2,2,3,3,2,2,3,3,4,3,0,4,3,4,3,3,4.0,2.0,Zombie,False,3.01862127205133
4,0,2,1,1,2,3,2,4,4,0,4,4,0,3,3,4.0,1.0,Healthy,False,3.5140298441626374
2,0,4,3,1,3,3,4,5,3,0,2,3,4,3,3,6.0,2.0,Zombie,False,3.917089855087057
2,0,4,1,1,3,3,3,3,4,2,2,4,4,2,3,6.0,1.0,Healthy,False,3.9030409516639324
3,4,4,4,3,1,3,3,4,4,2,1,3,0,2,3,6.0,2.0,Zombie,False,4.70154583598714
3,0,4,3,1,3,3,2,2,2,2,4,4,2,3,3,2.0,2.0,Zombie,False,3.1623992977698365
4,4,3,2,1,2,3,1,2,3,2,4,2,2,3,2,4.0,1.0,Healthy,False,3.1114150105413567
2,0,2,3,1,1,3,2,2,2,1,4,4,1,2,4,6.0,1.0,Healthy,False,3.788383835187325
3,0,5,3,1,4,3,4,1,2,1,4,1,2,2,4,2.0,2.0,Zombie,False,4.961723644376307
5,0,5,4,2,3,1,4,5,3,1,1,5,4,3,4,2.0,0.0,High-Tech Burnout,False,4.9021380606621
4,0,4,2,3,2,3,3,4,3,0,4,4,0,2,4,4.0,2.0,Zombie,False,3.1370494549064376
4,4,4,3,2,3,3,3,4,2,2,1,3,2,2,3,2.0,2.0,Zombie,False,3.0145559855856603
4,0,4,3,2,3,3,4,4,3,0,4,4,4,3,4,6.0,2.0,Zombie,False,3.373672638445654
4,4,5,2,1,3,3,2,2,3,1,1,2,0,3,2,2.0,1.0,Healthy,False,4.302632958416721
4,2,4,1,2,3,3,3,4,1,0,1,4,2,3,2,0.5,2.0,Zombie,False,4.060691451865308
3,0,1,1,4,2,3,3,1,3,0,4,4,4,3,4,2.0,1.0,Healthy,True,5.220236005686302
1,4,1,3,1,2,3,2,1,4,4,4,1,0,3,2,6.0,1.0,Healthy,True,5.104195198217424
2,2,2,1,1,1,3,1,4,2,2,3,3,2,2,2,2.0,1.0,Healthy,False,3.004004791112287
2,2,5,2,2,1,3,3,1,3,2,4,3,2,3,4,4.0,1.0,Healthy,False,3.632777740314092
3,0,2,2,1,1,3,1,2,3,0,1,3,4,2,2,4.0,1.0,Healthy,False,3.8345294016589264
3,4,4,3,1,3,3,3,4,2,0,4,3,0,3,3,2.0,2.0,Zombie,False,3.1067640351765786
4,1,4,3,1,1,3,2,2,2,1,4,4,4,3,4,2.0,2.0,Zombie,False,3.7421058545411725
5,2,5,3,2,2,1,4,3,2,2,3,1,0,1,2,0.5,0.0,High-Tech Burnout,False,4.698327343383325
3,0,3,1,1,1,3,3,3,3,2,4,3,4,3,3,4.0,1.0,Healthy,False,2.6431980604762915
4,0,4,3,1,2,3,3,4,3,2,4,4,4,3,3,2.0,2.0,Zombie,False,2.538106886511457
2,0,3,1,1,1,3,2,2,2,0,4,3,4,2,4,4.0,1.0,Healthy,False,3.518159697859441
2,2,3,2,1,2,3,4,4,3,1,4,5,0,3,4,4.0,2.0,Zombie,False,3.451065085558822
5,2,5,3,1,3,3,3,2,2,2,1,5,0,2,3,2.0,2.0,Zombie,False,3.8331605958770547
4,0,4,1,1,1,3,3,5,3,2,4,4,0,2,4,6.0,2.0,Zombie,False,4.007161481183454
5,0,4,2,1,3,3,3,4,2,0,4,4,0,3,4,2.0,2.0,Zombie,False,3.2179056787273104
1,1,1,1,1,1,3,1,2,4,0,4,1,4,2,3,4.0,1.0,Healthy,False,4.256591837056485
4,4,2,3,1,2,3,2,4,4,2,4,4,2,3,3,4.0,2.0,Zombie,False,3.4461991214242125
4,2,4,2,2,3,3,3,4,2,0,4,4,0,2,2,2.0,2.0,Zombie,False,2.6788780494810225
5,2,5,1,1,2,3,4,5,2,1,3,5,0,1,2,2.0,2.0,Zombie,False,4.395074696059421
1,0,1,1,1,1,3,1,5,4,2,4,2,4,2,2,4.0,1.0,Healthy,False,4.292244265745238
1,4,5,4,4,4,3,3,5,4,1,4,1,0,3,4,4.0,2.0,Zombie,True,6.076109172488867
3,4,3,1,1,1,3,3,3,2,1,4,3,4,2,2,0.5,1.0,Healthy,False,3.5523373066507564
4,4,2,1,1,2,3,3,4,3,1,4,4,0,2,3,4.0,1.0,Healthy,False,3.3461292155695483
2,0,2,2,1,2,3,2,3,2,2,4,2,0,2,3,6.0,1.0,Healthy,False,2.904491991603714
2,2,3,2,1,3,3,4,3,4,2,4,3,0,3,3,6.0,1.0,Healthy,False,3.5314238255987678
4,2,4,3,2,3,3,4,4,1,2,4,4,2,3,4,2.0,2.0,Zombie,False,3.1072080020142288
4,0,5,3,4,4,3,3,2,4,2,4,3,4,2,3,4.0,2.0,Zombie,False,4.49863077493382
3,2,2,2,1,1,3,3,3,2,4,4,3,2,2,3,4.0,1.0,Healthy,False,3.125081949727586
4,2,3,1,1,2,3,2,4,4,0,4,3,2,3,3,4.0,1.0,Healthy,False,2.920941479272762
3,0,3,2,1,2,3,2,3,3,2,4,4,0,3,3,4.0,1.0,Healthy,False,2.366723861336749
3,2,4,3,1,3,3,3,4,2,2,4,3,0,2,3,2.0,2.0,Zombie,False,2.538554247930976
3,4,5,4,3,4,3,4,3,4,2,1,2,4,2,4,2.0,2.0,Zombie,True,5.038114446631678
3,1,2,2,1,2,3,3,4,3,4,4,3,0,3,3,6.0,1.0,Healthy,False,3.4912866658341795
2,4,4,3,1,2,3,3,3,4,2,4,3,4,2,3,4.0,1.0,Healthy,False,3.3845822318705348
2,2,4,3,2,1,3,3,3,4,0,4,3,0,2,4,2.0,1.0,Healthy,False,3.769543554732336
3,4,3,2,1,3,3,3,3,4,2,4,3,0,2,2,2.0,1.0,Healthy,False,3.137582710276491
3,1,2,3,1,2,3,2,2,4,2,4,2,0,3,4,2.0,1.0,Healthy,False,3.2519792366099294
4,4,3,3,1,3,3,2,3,4,2,4,4,0,3,4,4.0,2.0,Zombie,False,3.593438862601023
2,0,2,1,1,1,3,2,4,2,2,1,5,4,3,3,4.0,1.0,Healthy,False,4.294399001802154
1,4,2,3,1,2,3,3,1,3,2,4,3,0,3,3,0.5,1.0,Healthy,False,3.9323800599435317
4,2,4,2,2,2,3,2,4,2,2,4,4,2,3,3,4.0,2.0,Zombie,False,2.2920832543889014
4,0,2,2,1,3,3,1,4,4,2,4,3,0,2,4,6.0,1.0,Healthy,False,4.0646509251861636
3,2,4,2,2,3,3,3,4,2,0,4,3,0,2,3,4.0,2.0,Zombie,False,2.5558137188700583
3,2,3,1,1,1,3,1,4,3,2,4,3,0,3,2,2.0,1.0,Healthy,False,2.9001890607525
4,4,4,2,2,3,3,3,3,3,0,4,4,4,3,3,2.0,2.0,Zombie,False,2.7942594351587826
1,0,1,1,2,3,3,4,1,3,0,3,1,2,2,2,2.0,1.0,Healthy,False,4.674855357798392
4,2,3,1,1,2,3,3,4,3,0,4,4,2,3,3,4.0,2.0,Zombie,False,2.69568695912865
3,0,3,2,2,4,3,2,3,3,0,4,3,4,3,3,4.0,2.0,Zombie,False,3.4341344333693207
2,2,3,3,1,2,3,3,3,2,2,4,3,2,3,2,4.0,1.0,Healthy,False,2.5823571473201348
2,1,4,1,2,2,3,3,4,3,1,1,4,2,1,4,2.0,2.0,Zombie,False,4.110190340298457
4,0,5,1,1,2,3,2,3,3,1,1,3,0,3,3,4.0,1.0,Healthy,False,3.760987353060836
3,2,4,2,2,2,3,3,4,2,2,4,3,2,3,4,6.0,2.0,Zombie,False,2.958553248905534
4,2,4,3,3,3,3,3,4,2,2,4,4,2,3,2,4.0,2.0,Zombie,False,2.6642490105329646
3,2,2,1,1,2,3,3,2,3,2,4,3,1,2,3,4.0,1.0,Healthy,False,2.0100090656339256
1,0,3,1,1,2,3,2,3,3,2,1,2,4,2,4,4.0,1.0,Healthy,False,3.8059140525670023
3,4,4,3,1,4,3,1,2,2,0,1,5,0,3,4,2.0,2.0,Zombie,False,5.026426420875688
3,4,3,3,1,1,3,2,2,3,0,4,3,0,3,3,2.0,1.0,Healthy,False,3.301925600497575
4,1,3,1,1,1,3,2,4,1,2,1,3,2,1,2,2.0,1.0,Healthy,False,4.569312632308897
3,2,3,3,3,3,2,3,3,2,2,2,3,2,3,3,6.0,0.0,High-Tech Burnout,False,2.8408576639355454
3,1,3,1,1,2,3,3,5,1,2,1,3,2,2,4,2.0,2.0,Zombie,False,4.150736329937078
4,0,4,1,1,2,3,3,4,4,2,4,4,2,3,2,2.0,2.0,Zombie,False,3.2849347958216986
2,4,2,1,1,2,3,2,3,4,4,4,2,4,3,3,2.0,1.0,Healthy,False,3.8230257905965557
2,0,2,3,1,3,3,3,2,1,0,4,3,4,3,4,2.0,1.0,Healthy,False,4.491338183107845
3,2,4,3,1,3,3,2,3,3,2,4,3,0,3,4,4.0,2.0,Zombie,False,3.0356414755058148
4,0,3,3,1,1,3,2,4,3,2,4,2,0,3,4,4.0,1.0,Healthy,False,3.507970123782588
3,2,4,1,1,1,3,2,2,3,2,1,4,0,3,3,2.0,1.0,Healthy,False,3.4747752594180263
2,0,2,1,1,3,3,2,2,3,0,4,3,4,3,3,4.0,1.0,Healthy,False,3.1439595475973103
1,0,2,2,1,2,3,1,4,4,1,4,2,4,3,4,6.0,1.0,Healthy,False,4.1588224495897395
1,2,1,2,3,2,1,2,5,2,1,1,1,4,1,3,4.0,0.0,High-Tech Burnout,True,5.316081463987875
2,0,3,1,1,1,3,2,1,4,2,4,4,0,3,2,4.0,1.0,Healthy,False,3.385738415155857
4,4,4,1,3,1,3,2,2,3,0,4,3,4,2,3,2.0,1.0,Healthy,False,4.128328686993201
4,1,4,2,1,1,3,3,3,3,1,4,3,4,3,4,6.0,2.0,Zombie,False,3.5521241420480516
4,0,2,2,1,3,3,3,4,3,4,4,4,4,2,3,6.0,2.0,Zombie,False,4.066248828234883
